"botanisch","deutsch","kategorie"
"Abies koreana","Korea-Tanne, Zapfen-Tanne","Nadelgehölze"
"Abies nordmanniana","Nordmanns-Tanne, Kaukasus-Tanne","Nadelgehölze"
"Acer campestre","Feld-Ahorn","Laubgehölze"
"Acer negundo 'Aureovariegatum'","Goldbunter Eschen-Ahorn","Laubgehölze"
"Acer palmatum 'Atropurpureum'","Roter Fächer-Ahorn","Laubgehölze"
"Acer platanoides","Spitz-Ahorn","Laubgehölze"
"Acer platanoides 'Cleveland'","Kegelförmiger Spitz-Ahorn","Laubgehölze"
"Acer platanoides 'Globosum'","Kugel-Ahorn","Laubgehölze"
"Acer platanoides 'Royal Red'","Oregon-Blut-Ahorn, Roter Spitz-Ahorn","Laubgehölze"
"Acer pseudoplatanus","Berg-Ahorn","Laubgehölze"
"Achillea 'Coronation Gold'","Garten-Gold-Garbe, Garten-Schafgarbe","Stauden"
"Aconitum napellus","Blauer Eisenhut","Heimische, besonders geschützte Pflanzen"
"Aconitum napellus","Blauer Eisenhut, Berg-Eisenhut","Stauden"
"Actaea racemosa","Juli-Silberkerze","Stauden"
"Adiantum pedatum","Amerikanischer Frauenhaarfarn, Pfauenradfarn","Farne"
"Adonis vernalis","Frühlings-Adonisröschen","Heimische, besonders geschützte Pflanzen"
"Aegopodium podagraria","Gewöhnlicher Giersch, Geißfuß","Unkräuter, Wildkräuter"
"Aesculus hippocastanum","Rosskastanie","Laubgehölze"
"Ageratum houstonianum 'Sorte'","Leberbalsam","Beet- und Balkonpflanzen, Wechselflor"
"Ajuga reptans 'Atropurpurea'","Rotblättriger Kriechender Günsel","Stauden"
"Albizia julibrissin","Schlafbaum, Seidenbaum, Seidenakazie","Pflanzen für die Innenraum-Begrünung"
"Alchemilla mollis","Weicher Frauenmantel","Stauden"
"Alisma plantago-aquatica","Gewöhnlicher Froschlöffel","Sumpf- und Wasserpflanzen"
"Allium christophii","Sternkugel-Lauch","Zwiebel- und knollenbildende Pflanzen"
"Alnus glutinosa","Schwarz-Erle, Rot-Erle","Laubgehölze"
"Amelanchier lamarckii","Kupfer-Felsenbirne","Laubgehölze"
"Anemone blanda","Strahlen-Windröschen, Balkan-Windröschen, Berg-Anemone","Zwiebel- und knollenbildende Pflanzen"
"Anemone nemorosa","Busch-Windröschen","Stauden"
"Anemone x hybrida 'Honorine Jobert'","Herbst-Anemone","Stauden"
"Aquilegia caerulea 'Sorte'","Garten-Akelei, Langspornige Beet-Akelei","Stauden"
"Aquilegia vulgaris","Gewöhnliche Akelei","Heimische, besonders geschützte Pflanzen"
"Armeria maritima 'Düsseldorfer Stolz'","Grasnelke, Garten-Grasnelke","Stauden"
"Armeria maritima subsp. elongata","Sand-Grasnelke","Heimische, besonders geschützte Pflanzen"
"Aruncus dioicus","Wald-Geißbart","Stauden"
"Asplenium scolopendrium","Hirschzunge, Hirschzungenfarn","Farne"
"Asplenium scolopendrium","Hirschzunge, Hirschzungenfarn","Heimische, besonders geschützte Pflanzen"
"Aster 'Kassel' (Dumosus-Gruppe)","Kissen-Aster","Stauden"
"Aster amellus","Berg-Aster, Kalk-Aster","Heimische, besonders geschützte Pflanzen"
"Aster amellus 'Veilchenkönigin'","Sommer-Aster, Berg-Aster, Kalk-Aster","Stauden"
"Aster novae-angliae 'Andenken an Alma Pötschke'","Raublatt-Aster, Garten-Raublatt-Aster","Stauden"
"Astilbe 'Bressingham Beauty' (Arendsii-Gruppe)","Garten-Astilbe, Garten-Prachtspiere","Stauden"
"Aubrieta 'Blaumeise'","Blaukissen","Stauden"
"Aurinia saxatilis","Felsen-Steinkresse, Felsen-Steinkraut","Stauden"
"Bellis perennis 'Sorte'","Edel-Gänseblümchen, Maßliebchen, Tausendschön","Beet- und Balkonpflanzen, Wechselflor"
"Berberis julianae","Großblättrige Berberitze","Laubgehölze"
"Berberis thunbergii","Grüne Hecken-Berberitze","Laubgehölze"
"Berberis verruculosa","Warzen-Berberitze, Blaublatt-Berberitze","Laubgehölze"
"Bergenia 'Silberlicht'","Bergenie, Riesensteinbrech","Stauden"
"Betula pendula","Sand-Birke, Weiß-Birke, Hänge-Birke","Laubgehölze"
"Bidens ferulifolia 'Sorte'","Goldmarie, Fenchelblättriger Zweizahn","Beet- und Balkonpflanzen, Wechselflor"
"Bougainvillea glabra","Glatte Bougainvillee, Drillingsblume","Pflanzen für die Innenraum-Begrünung"
"Briza media","Mittleres Zittergras","Ziergräser"
"Brunnera macrophylla","Großblättriges Kaukasusvergissmeinnicht","Stauden"
"Buddleja davidii 'Empire Blue'","Sommerflieder, Schmetterlingsstrauch","Laubgehölze"
"Butomus umbellatus","Schwanenblume, Blumenbinse","Sumpf- und Wasserpflanzen"
"Buxus sempervirens","Europäischer Buchsbaum, Gewöhnlicher Buchsbaum","Heimische, besonders geschützte Pflanzen"
"Buxus sempervirens var. arborescens","Gewöhnlicher Buchsbaum, Hoher Buchsbaum","Laubgehölze"
"Calamagrostis x acutiflora 'Karl Foerster'","Garten-Sandrohr, Moor-Reitgras","Ziergräser"
"Calamintha nepeta 'Triumphator'","Bergminze, Garten-Bergminze","Stauden"
"Calluna vulgaris 'ArabellaⓈ'","Besenheide, Heidekraut, Sommerheide","Laubgehölze"
"Caltha palustris","Sumpf-Dotterblume","Sumpf- und Wasserpflanzen"
"Calystegia sepium","Gewöhnliche Zaunwinde","Unkräuter, Wildkräuter"
"Camassia leichtlinii","Leichtlins Prärielilie, Leichtlins Camassie","Zwiebel- und knollenbildende Pflanzen"
"Camellia japonica 'Sorte'","Japanische Kamelie, Teestrauch","Pflanzen für die Innenraum-Begrünung"
"Campanula persicifolia","Pfirsichblättrige Glockenblume","Stauden"
"Campanula poscharskyana","Hängepolster-Glockenblume","Stauden"
"Canna 'Sorte'","Canna, Blumenrohr","Beet- und Balkonpflanzen, Wechselflor"
"Carex morrowii 'Variegata'","Bunte Japan-Segge","Ziergräser"
"Carlina acaulis subsp. caulescens","Krausblättrige Silberdistel, Hochstänglige Große Eberwurz, Wetterdistel","Heimische, besonders geschützte Pflanzen"
"Carpinus betulus","Hainbuche, Weißbuche","Laubgehölze"
"Caryopteris x clandonensis 'Heavenly Blue'","Bartblume","Laubgehölze"
"Castanea sativa","Ess-Kastanie, Edel-Kastanie, Marone","Laubgehölze"
"Catalpa bignonioides","Trompetenbaum","Laubgehölze"
"Cedrus atlantica 'Glauca'","Blau-Zeder, Blaue Atlas-Zeder","Nadelgehölze"
"Celtis australis","Südlicher Zürgelbaum","Laubgehölze"
"Ceratostigma plumbaginoides","Kriechende Hornnarbe, Chinesische Scheinbleiwurz","Stauden"
"Cercidiphyllum japonicum","Katsurabaum, Kuchenbaum","Laubgehölze"
"Cercis siliquastrum","Gewöhnlicher Judasbaum","Laubgehölze"
"Chaenomeles x superba 'Elly Mossel'","Zierquitte, Scheinquitte","Laubgehölze"
"Chamaecyparis lawsoniana 'Alumii'","Blaue Hecken-Scheinzypresse","Nadelgehölze"
"Chamaecyparis lawsoniana 'Columnaris'","Blaue Säulen-Scheinzypresse","Nadelgehölze"
"Chamaecyparis lawsoniana 'Ellwoodii'","Blaue Kegel-Scheinzypresse","Nadelgehölze"
"Chamaecyparis lawsoniana 'Ivonne'","Goldgelbe Garten-Scheinzypresse","Nadelgehölze"
"Chamaecyparis obtusa 'Nana Gracilis'","Kleine Muschel-Scheinzypresse","Nadelgehölze"
"Chionodoxa forbesii","Blauer Schneeglanz, Blauer Schneestolz","Zwiebel- und knollenbildende Pflanzen"
"Chrysanthemum 'Julia' (Indicum-Gruppe)","Garten-Chrysantheme, Herbst-Chrysantheme, Winteraster","Stauden"
"Cirsium vulgare","Lanzett-Kratzdistel, Gewöhnliche Kratzdistel","Unkräuter, Wildkräuter"
"Citrus limon","Zitrone","Pflanzen für die Innenraum-Begrünung"
"Clematis 'Nelly Moser'","Edel-Clematis, Großblumige Clematis","Laubgehölze"
"Clematis vitalba","Gewöhnliche Waldrebe","Laubgehölze"
"Colchicum autumnale","Herbst-Zeitlose","Zwiebel- und knollenbildende Pflanzen"
"Convallaria majalis","Maiglöckchen","Stauden"
"Coreopsis verticillata 'Grandiflora'","Quirlblättriges Mädchenauge, Netzblattstern","Stauden"
"Cornus alba 'Elegantissima'","Weißbunter Hartriegel","Laubgehölze"
"Cornus alba 'Sibirica'","Sibirischer Hartriegel, Purpur-Hartriegel","Laubgehölze"
"Cornus kousa","Japanischer Blumen-Hartriegel","Laubgehölze"
"Cornus mas","Kornelkirsche","Laubgehölze"
"Cornus sanguinea","Roter Hartriegel","Laubgehölze"
"Cortaderia selloana","Pampasgras, Silber-Pampasgras","Ziergräser"
"Corylus avellana","Gewöhnliche Hasel, Haselnuss, Wald-Hasel","Laubgehölze"
"Corylus avellana 'Contorta'","Korkenzieher-Hasel","Laubgehölze"
"Corylus colurna","Baum-Hasel, Türkische Hasel","Laubgehölze"
"Cosmos bipinnatus 'Sorte'","Schmuckkörbchen, Muschel-Kosmee","Beet- und Balkonpflanzen, Wechselflor"
"Cotinus coggygria 'Royal Purple'","Roter Perückenstrauch","Laubgehölze"
"Cotoneaster x suecicus 'Coral Beauty'","Immergrüne Böschungsmispel","Laubgehölze"
"Crataegus monogyna","Eingriffliger Weißdorn","Laubgehölze"
"Crataegus x lavalleei 'Carrierei'","Apfel-Dorn, Lederblättriger Weißdorn","Laubgehölze"
"Crocus albiflorus","Weißer Krokus","Heimische, besonders geschützte Pflanzen"
"Crocus vernus 'Sorte'","Garten-Krokus, Frühlings-Krokus","Zwiebel- und knollenbildende Pflanzen"
"Cyclamen hederifolium","Herbst-Alpenveilchen, Saubrot","Zwiebel- und knollenbildende Pflanzen"
"Cyclamen purpurascens","Wildes Alpenveilchen, Sommer-Alpenveilchen","Heimische, besonders geschützte Pflanzen"
"Cydonia oblonga 'Sorte'","Quitte, Echte Quitte","Obstgehölze"
"Cypripedium calceolus","Gelber Frauenschuh, Marien-Frauenschuh, Marienschuh","Heimische, besonders geschützte Pflanzen"
"Cytisus 'Andreanus Splendens' (Scoparius-Gruppe)","Edel-Ginster, Schmuck-Ginster","Laubgehölze"
"Dahlia 'Sorte'","Dahlie","Beet- und Balkonpflanzen, Wechselflor"
"Daphne mezereum","Gewöhnlicher Seidelbast, Kellerhals","Heimische, besonders geschützte Pflanzen"
"Delphinium 'Finsteraarhorn' (E = Elatum-Gruppe)","Garten-Rittersporn","Stauden"
"Deutzia gracilis","Zierliche Deutzie, Maiblumenstrauch","Laubgehölze"
"Deutzia scabra 'Plena'","Gefüllter Sternchenstrauch, Gefüllte Deutzie","Laubgehölze"
"Dianthus deltoides","Heide-Nelke","Heimische, besonders geschützte Pflanzen"
"Dianthus gratianopolitanus 'Eydangeri'","Garten-Pfingst-Nelke","Stauden"
"Dicentra spectabilis","Tränendes Herz","Stauden"
"Dictamnus albus","Gewöhnlicher Diptam, Brennender Busch","Heimische, besonders geschützte Pflanzen"
"Digitalis purpurea","Roter Fingerhut","Stauden"
"Doronicum orientale","Kaukasus-Gämswurz","Stauden"
"Drosera rotundifolia","Rundblättriger Sonnentau","Heimische, besonders geschützte Pflanzen"
"Dryopteris filix-mas","Gewöhnlicher Wurmfarn","Farne"
"Echinacea purpurea 'Magnus'","Roter Scheinsonnenhut, Garten-Purpursonnenhut","Stauden"
"Elaeagnus angustifolia","Schmalblättrige Ölweide","Laubgehölze"
"Elymus repens","Kriech-Quecke, Gewöhnliche Quecke","Unkräuter, Wildkräuter"
"Epilobium angustifolium","Schmalblättriges Weidenröschen","Unkräuter, Wildkräuter"
"Epimedium x perralchicum 'Frohnleiten'","Garten-Elfenblume","Stauden"
"Epipactis palustris","Sumpf-Ständelwurz, Sumpf-Stendelwurz, Sumpfwurz","Heimische, besonders geschützte Pflanzen"
"Epipremnum aureum","Goldene Efeutute","Pflanzen für die Innenraum-Begrünung"
"Equisetum arvense","Acker-Schachtelhalm, Zinnkraut","Unkräuter, Wildkräuter"
"Eranthis hyemalis","Kleiner Winterling, Südeuropäischer Winterling","Zwiebel- und knollenbildende Pflanzen"
"Eremurus robustus","Riesen-Steppenkerze, Kleopatranadel","Zwiebel- und knollenbildende Pflanzen"
"Erica carnea 'Vivellii'","Schnee-Heide, Winter-Heide","Laubgehölze"
"Erigeron 'Dunkelste Aller'","Feinstrahl, Garten-Berufkraut","Stauden"
"Erigeron annuus","Feinstrahl-Berufkraut, Einjähriger Feinstrahl","Unkräuter, Wildkräuter"
"Eriophorum vaginatum","Scheiden-Wollgras, Moor-Wollgras","Sumpf- und Wasserpflanzen"
"Euonymus alatus","Korkflügelstrauch, Flügel-Spindelstrauch, Geflügeltes Pfaffenhütchen","Laubgehölze"
"Euonymus europaeus","Pfaffenhütchen","Laubgehölze"
"Euonymus fortunei 'Emerald'n Gold'","Goldbunte Kriechspindel","Laubgehölze"
"Euonymus fortunei var. radicans","Immergrüne Kriechspindel","Laubgehölze"
"Euphorbia hypericifolia 'Inneuphe' (Syn.: Euphorbia hypericifolia DIAMOND FROST)","Zauberschnee","Beet- und Balkonpflanzen, Wechselflor"
"Euphorbia myrsinites","Walzen-Wolfsmilch","Stauden"
"Fagus sylvatica","Rot-Buche","Laubgehölze"
"Fagus sylvatica 'Pendula'","Grüne Hänge-Buche","Laubgehölze"
"Fagus sylvatica 'Purpurea Latifolia'","Veredelte Blut-Buche","Laubgehölze"
"Fallopia baldschuanica","Schling-Knöterich","Laubgehölze"
"Fargesia 'Jiuzhaigou Nr. 1'","Jade Bambus","Laubgehölze"
"Festuca glauca","Blau-Schwingel","Ziergräser"
"Ficus benjamina","Birken-Feige, Benjamin-Gummibaum","Pflanzen für die Innenraum-Begrünung"
"Filipendula ulmaria","Echtes Mädesüß","Stauden"
"Forsythia x intermedia 'Lynwood'","Goldglöckchen, Forsythie","Laubgehölze"
"Fraxinus excelsior","Gewöhnliche Esche","Laubgehölze"
"Fritillaria imperialis 'Lutea Maxima'","Kaiserkrone","Zwiebel- und knollenbildende Pflanzen"
"Fuchsia 'Sorte'","Fuchsie","Beet- und Balkonpflanzen, Wechselflor"
"Galanthus nivalis","Kleines Schneeglöckchen","Heimische, besonders geschützte Pflanzen"
"Galanthus nivalis","Kleines Schneeglöckchen","Zwiebel- und knollenbildende Pflanzen"
"Gaura lindheimeri","Prachtkerze","Stauden"
"Genista lydia","Stein-Ginster, Lydischer Ginster, Goldland-Ginster","Laubgehölze"
"Genista tinctoria","Färber-Ginster","Laubgehölze"
"Geranium sanguineum","Blutroter Storchschnabel","Stauden"
"Geranium x oxonianum 'Claridge Druce'","Oxford-Storchschnabel, Garten-Storchschnabel","Stauden"
"Geum 'Prinses Juliana'","Garten-Nelkenwurz","Stauden"
"Ginkgo biloba","Fächerblattbaum, Ginkgo","Nadelgehölze"
"Gleditsia triacanthos 'Sunburst'","Gold-Gleditschie, Gelber Lederhülsenbaum","Laubgehölze"
"Gypsophila repens 'Rosa Schönheit'","Teppich-Schleierkraut, Kriechendes Gipskraut","Stauden"
"Hamamelis x intermedia 'Pallida'","Hybrid-Zaubernuss, Großblütige Zaubernuss","Laubgehölze"
"Hedera helix","Gewöhnlicher Efeu","Laubgehölze"
"Helenium 'Kanaria'","Sonnenbraut","Stauden"
"Helianthemum 'Lawrenson´s Pink'","Sonnenröschen","Stauden"
"Helianthus annuus 'Sorte'","Sonnenblume","Beet- und Balkonpflanzen, Wechselflor"
"Helianthus decapetalus 'Capenoch Star'","Stauden-Sonnenblume","Stauden"
"Helleborus niger","Christrose, Schwarze Nieswurz","Heimische, besonders geschützte Pflanzen"
"Helleborus orientalis 'Sorte'","Garten-Lenzrose, Frühlings-Nieswurz","Stauden"
"Hemerocallis 'Corky'","Taglilie, Garten-Taglilie","Stauden"
"Hepatica nobilis","Gewöhnliches Leberblümchen","Heimische, besonders geschützte Pflanzen"
"Hepatica nobilis","Gewöhnliches Leberblümchen","Stauden"
"Heracleum mantegazzianum","Herkulesstaude, Riesen-Bärenklau","Unkräuter, Wildkräuter"
"Heuchera 'Obsidian'","Garten-Purpurglöckchen, Garten-Silberglöckchen","Stauden"
"Hibiscus syriacus 'Woodbridge'","Garten-Eibisch, Strauch-Eibisch","Laubgehölze"
"Hippophae rhamnoides","Sanddorn","Laubgehölze"
"Hippuris vulgaris","Tannenwedel","Sumpf- und Wasserpflanzen"
"Hosta 'Krossa Regal'","Garten-Funkie","Stauden"
"Hydrangea macrophylla 'Mariesii Perfecta' (Lacecap-Gruppe)","Bauern-Hortensie, Garten-Hortensie","Laubgehölze"
"Hydrangea petiolaris","Kletter-Hortensie","Laubgehölze"
"Hypericum 'Hidcote'","Großblumiges Johanniskraut, Großblumiger Johannisstrauch","Laubgehölze"
"Hypericum calycinum","Immergrünes Johanniskraut, Niedriges Johanniskraut","Laubgehölze"
"Iberis sempervirens 'Zwergschneeflocke'","Immergrüne Schleifenblume, Immergrünes Schneekissen","Stauden"
"Ilex aquifolium","Europäische Stechpalme, Gewöhnliche Hülse","Heimische, besonders geschützte Pflanzen"
"Ilex aquifolium 'Alaska'","Alaska-Hülse, Alaska-Stechpalme","Laubgehölze"
"Ilex aquifolium 'J.C. van Tol'","Fruchtende Garten-Hülse, Fruchtende Stechpalme","Laubgehölze"
"Ilex crenata 'Convexa'","Löffel-Ilex, Japanische Stechpalme","Laubgehölze"
"Impatiens glandulifera","Drüsiges Springkraut, Indisches Springkraut","Unkräuter, Wildkräuter"
"Impatiens walleriana 'Sorte'","Fleißiges Lieschen","Beet- und Balkonpflanzen, Wechselflor"
"Iris 'Sorte' (Barbata-Elatior-Gruppe)","Hohe Garten-Schwertlilie, Hohe Bart-Iris","Stauden"
"Iris pseudacorus","Sumpf-Schwertlilie","Sumpf- und Wasserpflanzen"
"Iris sibirica","Sibirische Schwertlilie, Wiesen-Iris","Heimische, besonders geschützte Pflanzen"
"Iris sibirica","Sibirische Schwertlilie, Wiesen-Iris","Stauden"
"Jasminum nudiflorum","Winter-Jasmin","Laubgehölze"
"Juglans regia","Walnuss","Laubgehölze"
"Juncus effusus","Flatter-Binse","Sumpf- und Wasserpflanzen"
"Juniperus communis 'Hibernica'","Irischer Säulen-Wacholder","Nadelgehölze"
"Juniperus horizontalis 'Wiltonii'","Blauer Teppich-Wacholder","Nadelgehölze"
"Juniperus x pfitzeriana 'Mint Julep'","Grüner Strauch-Wacholder","Nadelgehölze"
"Juniperus x pfitzeriana 'Wilhelm Pfitzer'","Pfitzers Wacholder","Nadelgehölze"
"Kalimeris incisa 'Madiva'","Schönaster, Garten-Schönaster","Stauden"
"Kerria japonica 'Pleniflora'","Gefüllter Ranunkelstrauch, Gefüllte Kerrie","Laubgehölze"
"Kolkwitzia amabilis","Kolkwitzie, Perlmuttstrauch","Laubgehölze"
"Laburnum x watereri 'Vossii'","Edel-Goldregen","Laubgehölze"
"Lagerstroemia indica","Kräuselmyrte, Kreppmyrte, Indischer Flieder","Pflanzen für die Innenraum-Begrünung"
"Lamium maculatum 'Chequers'","Gefleckte Garten-Taubnessel","Stauden"
"Lantana camara 'Sorte'","Wandelröschen, Lantane","Beet- und Balkonpflanzen, Wechselflor"
"Larix decidua","Europäische Lärche","Nadelgehölze"
"Laurus nobilis","Lorbeer, Lorbeerbaum","Pflanzen für die Innenraum-Begrünung"
"Lavandula angustifolia","Echter Lavendel","Laubgehölze"
"Leucanthemum 'Beethoven' (Superbum-Gruppe)","Garten-Margerite, Sommer-Margerite","Stauden"
"Leucojum vernum","Märzenbecher, Frühlings-Knotenblume","Heimische, besonders geschützte Pflanzen"
"Leucojum vernum","Märzenbecher, Frühlings-Knotenblume","Zwiebel- und knollenbildende Pflanzen"
"Liatris spicata","Prachtscharte","Stauden"
"Ligularia przewalskii","Przewalskis Goldkolben, Kerzen-Ligularie","Stauden"
"Ligustrum vulgare","Gewöhnlicher Liguster, Rainweide","Laubgehölze"
"Ligustrum vulgare 'Atrovirens'","Schwarzgrüner Liguster","Laubgehölze"
"Lilium 'Sorte'","Garten-Lilie, Großblütige Lilie","Zwiebel- und knollenbildende Pflanzen"
"Linum perenne","Ausdauernder Lein, Stauden-Lein","Heimische, besonders geschützte Pflanzen"
"Linum perenne","Ausdauernder Lein, Stauden-Lein","Stauden"
"Liquidambar styraciflua","Amberbaum, Amerikanischer Amberbaum","Laubgehölze"
"Liriodendron tulipifera","Tulpenbaum, Amerikanischer Tulpenbaum","Laubgehölze"
"Lonicera henryi","Immergrünes Geißblatt, Immergrüne Geißschlinge","Laubgehölze"
"Lonicera nitida 'Maigrün'","Immergrüne Flache Heckenmyrte","Laubgehölze"
"Lonicera xylosteum","Gewöhnliche Heckenkirsche, Rote Heckenkirsche","Laubgehölze"
"Lupinus 'My Castle'","Stauden-Lupine, Garten-Lupine","Stauden"
"Luzula sylvatica","Wald-Hainsimse, Wald-Marbel","Ziergräser"
"Lycopodium annotinum","Sprossender Bärlapp, Wald-Bärlapp","Heimische, besonders geschützte Pflanzen"
"Lysimachia punctata","Goldfelberich, Punktierter Gilbweiderich","Stauden"
"Lythrum salicaria","Blut-Weiderich","Stauden"
"Magnolia stellata","Stern-Magnolie","Laubgehölze"
"Magnolia x soulangeana","Tulpen-Magnolie","Laubgehölze"
"Mahonia aquifolium","Gewöhnliche Mahonie","Laubgehölze"
"Malus 'Evereste'Ⓢ","Zier-Apfel, Kirsch-Apfel","Laubgehölze"
"Malus 'Rudolph'","Zier-Apfel, Kirsch-Apfel","Laubgehölze"
"Malus domestica 'Sorte'","Apfel, Kultur-Apfel","Obstgehölze"
"Malus domestica 'Sorte'","Apfel, Kultur-Apfel","Obstgehölze"
"Malus RED JEWEL","Zier-Apfel, Kirsch-Apfel","Laubgehölze"
"Matteuccia struthiopteris","Europäischer Straußenfarn, Trichterfarn","Farne"
"Menyanthes trifoliata","Fieberklee, Bitterklee","Sumpf- und Wasserpflanzen"
"Metasequoia glyptostroboides","Urweltmammutbaum, Chinesisches Rotholz","Nadelgehölze"
"Miscanthus sinensis 'Dread Locks'","Garten-Chinaschilf, Silber-Chinaschilf","Ziergräser"
"Miscanthus sinensis 'Ghana'","Garten-Chinaschilf, Silber-Chinaschilf","Ziergräser"
"Miscanthus sinensis 'Gracillimus'","Zierliches Chinaschilf, Zierliches Garten-Chinaschilf","Ziergräser"
"Molinia arundinacea 'Karl Foerster'","Garten-Pfeifengras, Rohr-Pfeifengras","Ziergräser"
"Musa acuminata","Banane, Koch-Banane","Pflanzen für die Innenraum-Begrünung"
"Muscari botryoides","Kleine Traubenhyazinthe, Kleines Träubel","Heimische, besonders geschützte Pflanzen"
"Muscari botryoides","Kleine Traubenhyazinthe, Kleines Träubel","Zwiebel- und knollenbildende Pflanzen"
"Myosotis sylvatica 'Sorte'","Vergissmeinnicht","Beet- und Balkonpflanzen, Wechselflor"
"Myrtus communis","Braut-Myrte, Gewöhnliche Myrte","Pflanzen für die Innenraum-Begrünung"
"Narcissus 'Sorte' (6 = Alpenveilchen-Narzissen)","Alpenveilchen-Narzisse","Zwiebel- und knollenbildende Pflanzen"
"Narcissus 'Sorte' (7 = Jonquillen)","Jonquille, Jonquillen-Narzisse","Zwiebel- und knollenbildende Pflanzen"
"Narcissus pseudonarcissus","Gelbe Narzisse, Osterglocke","Heimische, besonders geschützte Pflanzen"
"Nepeta x faassenii","Katzenminze, Blaue Katzenminze","Stauden"
"Nerium oleander","Oleander","Pflanzen für die Innenraum-Begrünung"
"Nothofagus antarctica","Scheinbuche, Südbuche, Pfennigbuche","Laubgehölze"
"Nymphaea 'Marliacea Chromatella'","Garten-Seerose","Sumpf- und Wasserpflanzen"
"Nymphaea alba","Weiße Seerose","Heimische, besonders geschützte Pflanzen"
"Oenothera macrocarpa","Missouri-Nachtkerze, Kriechende Nachtkerze","Stauden"
"Olea europaea","Olive, Ölbaum, Olivenbaum","Pflanzen für die Innenraum-Begrünung"
"Orchis purpurea","Purpur-Knabenkraut","Heimische, besonders geschützte Pflanzen"
"Osmunda regalis","Königsfarn, Königs-Rispenfarn","Heimische, besonders geschützte Pflanzen"
"Oxalis corniculata","Gehörnter Sauerklee, Hornfrüchtiger Sauerklee","Unkräuter, Wildkräuter"
"Pachysandra terminalis","Schattengrün, Dickmännchen","Laubgehölze"
"Paeonia 'Sorte' (Lactiflora-Gruppe)","Garten-Pfingstrose, Edel-Pfingstrose","Stauden"
"Panicum virgatum 'Shenandoah'","Garten-Rutenhirse","Ziergräser"
"Papaver orientale 'Feuerriese'","Türkischer Mohn, Stauden-Mohn","Stauden"
"Parrotia persica","Parrotie, Eisenholzbaum","Laubgehölze"
"Parthenocissus tricuspidata 'Veitchii'","Selbstklimmender Wilder Wein, Dreispitz-Jungfernrebe","Laubgehölze"
"Passiflora caerulea","Blaue Passionsblume","Pflanzen für die Innenraum-Begrünung"
"Paulownia tomentosa","Blauglockenbaum","Laubgehölze"
"Pelargonium 'Sorte' (I = Peltatum-Gruppe)","Hängende Geranie, Efeublättrige Pelargonie","Beet- und Balkonpflanzen, Wechselflor"
"Pennisetum alopecuroides 'Hameln'","Lampenputzergras, Federborstengras","Ziergräser"
"Persicaria affinis","Schnecken-Knöterich, Teppich-Knöterich","Stauden"
"Persicaria amplexicaulis 'Speciosa'","Kerzen-Knöterich","Stauden"
"Philadelphus coronarius","Bauernjasmin, Europäischer Pfeifenstrauch","Laubgehölze"
"Phlox 'Aida' (Paniculata-Gruppe)","Garten-Phlox, Großer Stauden-Phlox","Stauden"
"Phlox 'Scarlet Flame' (Subulata-Gruppe)","Polster-Phlox, Moos-Phlox","Stauden"
"Phyllostachys nigra","Schwarzrohrbambus","Laubgehölze"
"Picea abies","Gewöhnliche Fichte, Rot-Fichte","Nadelgehölze"
"Picea omorika","Serbische Fichte, Omorika-Fichte","Nadelgehölze"
"Pieris japonica","Japanische Lavendelheide, Hängendes Schattenglöckchen","Laubgehölze"
"Pinus mugo subsp. mugo","Krummholz-Kiefer","Nadelgehölze"
"Pinus nigra subsp. nigra","Schwarz-Kiefer, Österreichische Schwarz-Kiefer","Nadelgehölze"
"Pinus sylvestris","Wald-Kiefer, Föhre, Gewöhnliche Kiefer","Nadelgehölze"
"Pinus wallichiana","Tränen-Kiefer","Nadelgehölze"
"Plantago major","Breit-Wegerich, Großer Wegerich","Unkräuter, Wildkräuter"
"Platanus x hispanica","Platane, Ahornblättrige Platane","Laubgehölze"
"Polygonatum odoratum","Echtes Salomonssiegel, Wohlriechende Weißwurz","Stauden"
"Polystichum aculeatum","Glanz-Schildfarn, Dorniger Schildfarn","Farne"
"Populus nigra 'Italica'","Säulen-Pappel, Pyramiden-Pappel","Laubgehölze"
"Populus tremula","Zitter-Pappel, Espe","Laubgehölze"
"Potentilla fruticosa 'Goldfinger'","Fingerstrauch","Laubgehölze"
"Primula veris","Echte Schlüsselblume, Wiesen-Primel","Heimische, besonders geschützte Pflanzen"
"Primula veris","Echte Schlüsselblume, Wiesen-Primel","Stauden"
"Prunus 'Accolade'","Frühe Zier-Kirsche","Laubgehölze"
"Prunus avium","Vogel-Kirsche, Wild-Kirsche","Laubgehölze"
"Prunus avium 'Sorte'","Süß-Kirsche, Knorpel-Kirsche, Herz-Kirsche","Obstgehölze"
"Prunus cerasifera 'Nigra'","Blut-Pflaume","Laubgehölze"
"Prunus cerasus 'Sorte'","Sauer-Kirsche, Weichsel","Obstgehölze"
"Prunus domestica 'Sorte'","Pflaume, Zwetsche, Zwetschge","Obstgehölze"
"Prunus laurocerasus 'Herbergii'","Aufrechte Lorbeerkirsche, Aufrechter Kirschlorbeer","Laubgehölze"
"Prunus laurocerasus 'Rotundifolia'","Rundblättrige Lorbeerkirsche, Rundblättriger Kirschlorbeer","Laubgehölze"
"Prunus lusitanica 'Angustifolia'","Portugiesische Lorbeerkirsche","Laubgehölze"
"Prunus padus","Trauben-Kirsche","Laubgehölze"
"Prunus persica 'Sorte'","Pfirsich","Obstgehölze"
"Prunus serrulata 'Amanogawa'","Japanische Säulen-Kirsche","Laubgehölze"
"Prunus serrulata 'Kanzan'","Japanische Nelken-Kirsche","Laubgehölze"
"Prunus spinosa","Schlehe, Schwarzdorn","Laubgehölze"
"Pseudotsuga menziesii","Douglasie","Nadelgehölze"
"Pulmonaria saccharata 'Mrs. Moon'","Geflecktes Lungenkraut, Spanisches Lungenkraut","Stauden"
"Pulsatilla vulgaris","Gewöhnliche Küchenschelle, Kuhschelle, Kühchenschelle","Heimische, besonders geschützte Pflanzen"
"Pulsatilla vulgaris","Küchenschelle, Kuhschelle","Stauden"
"Punica granatum","Granatapfel, Granatbaum","Pflanzen für die Innenraum-Begrünung"
"Pyracantha 'Orange Glow'","Feuerdorn","Laubgehölze"
"Pyrus calleryana 'Chanticleer'","Chinesische Wild-Birne","Laubgehölze"
"Pyrus communis 'Sorte'","Birne, Kultur-Birne","Obstgehölze"
"Quercus ilex","Stein-Eiche","Pflanzen für die Innenraum-Begrünung"
"Quercus palustris","Sumpf-Eiche, Boulevard-Eiche","Laubgehölze"
"Quercus robur","Stiel-Eiche, Deutsche Eiche","Laubgehölze"
"Quercus rubra","Amerikanische Rot-Eiche","Laubgehölze"
"Rhododendron 'Baden-Baden' (Forrestii-Gruppe)","Flacher Rhododendron","Laubgehölze"
"Rhododendron 'Canzonetta' (Japanische Azaleen)","Japanische Azalee","Laubgehölze"
"Rhododendron 'Catawbiense Grandiflorum' (Catawbiense-Gruppe)","Großblumiger Rhododendron","Laubgehölze"
"Rhododendron 'Elite' (Syn.: Rhododendron 'P.J.M. Elite') (Dauricum-Gruppe)","Rhododendron, Alpenrose","Laubgehölze"
"Rhododendron luteum","Pontische Azalee","Laubgehölze"
"Rhus typhina","Essigbaum, Hirschkolben-Sumach","Laubgehölze"
"Ribes alpinum","Alpen-Johannisbeere","Laubgehölze"
"Ribes rubrum  'Sorte'","Rote Johannisbeere, Weiße Johannisbeere","Obstgehölze"
"Ribes sanguineum 'Atrorubens'","Blut-Johannisbeere","Laubgehölze"
"Ribes uva-crispa  'Sorte'","Stachelbeere, Kultur-Stachelbeere","Obstgehölze"
"Robinia pseudoacacia 'Bessoniana'","Kegel-Robinie","Laubgehölze"
"Robinia pseudoacacia 'Tortuosa'","Korkenzieher-Robinie","Laubgehölze"
"Robinia pseudoacacia 'Umbraculifera'","Kugel-Robinie","Laubgehölze"
"Robinia pseudoacacia 'Unifoliola'","Einblättrige Robinie, Straßen-Robinie","Laubgehölze"
"Rodgersia aesculifolia","Kastanien-Schaublatt, Rodgersie","Stauden"
"Rosa 'Alexander von Humboldt' (Kleinstrauch-Rosen)","Kleinstrauch-Rose, Bodendecker-Rose","Laubgehölze"
"Rosa 'Anastasia' (Edel-Rosen)","Edel-Rose","Laubgehölze"
"Rosa 'Château de Cheverny'® (Strauch-Rosen)","Strauch-Rose","Laubgehölze"
"Rosa 'Moscalbo'® (Kletter-Rosen)","Kletter-Rose","Laubgehölze"
"Rosa 'SEE YOU'® in pink (Beet-Rosen)","Beet-Rose","Laubgehölze"
"Rosa canina","Hunds-Rose","Laubgehölze"
"Rosa rugosa","Kartoffel-Rose, Apfel-Rose","Laubgehölze"
"Rubus fruticosus  'Sorte'","Brombeere, Kultur-Brombeere","Obstgehölze"
"Rubus idaeus 'Sorte'","Himbeere, Kultur-Himbeere","Obstgehölze"
"Rudbeckia fulgida 'Goldsturm'","Sonnenhut","Stauden"
"Rumex acetosa","Wiesen-Sauer-Ampfer, Großer Sauerampfer","Unkräuter, Wildkräuter"
"Sagittaria sagittifolia","Gewöhnliches Pfeilkraut","Sumpf- und Wasserpflanzen"
"Salix caprea 'Atlas'","Kätzchen-Weide","Laubgehölze"
"Salix purpurea","Purpur-Weide, Korb-Weide","Laubgehölze"
"Salix x sepulcralis 'Chrysocoma'","Hänge-Weide, Trauer-Weide","Laubgehölze"
"Salvia nemorosa 'Mainacht'","Steppen-Salbei","Stauden"
"Sambucus nigra","Schwarzer Holunder, Fliederbeere","Laubgehölze"
"Saxifraga paniculata","Trauben-Steinbrech, Rispen-Steinbrech","Stauden"
"Scilla bifolia","Zweiblättriger Blaustern, Scilla","Heimische, besonders geschützte Pflanzen"
"Scilla siberica","Sibirischer Blaustern, Nickende Sternhyazinthe","Zwiebel- und knollenbildende Pflanzen"
"Sedum 'Herbstfreude'","Hohe Garten-Fetthenne","Stauden"
"Sedum acre","Scharfer Mauerpfeffer, Scharfe Fetthenne","Stauden"
"Sequoiadendron giganteum","Bergmammutbaum, Riesenmammutbaum","Nadelgehölze"
"Skimmia japonica","Frucht-Skimmie, Japanische Skimmie","Laubgehölze"
"Solidago 'Strahlenkrone'","Garten-Goldrute","Stauden"
"Solidago canadensis","Kanadische Goldrute","Unkräuter, Wildkräuter"
"Sorbus aucuparia","Gewöhnliche Eberesche, Vogelbeere","Laubgehölze"
"Sorbus intermedia 'Brouwers'","Schwedische Mehlbeere, Oxelbeere","Laubgehölze"
"Spiraea japonica 'Anthony Waterer'","Rote Sommer-Spiere","Laubgehölze"
"Spiraea japonica 'Little Princess'","Rosa Zwerg-Spiere","Laubgehölze"
"Spiraea x arguta","Braut-Spiere, Schnee-Spiere","Laubgehölze"
"Stachys byzantina","Woll-Ziest","Stauden"
"Stipa pennata","Echtes Federgras, Mädchenhaargras","Ziergräser"
"Styphnolobium japonicum","Japanischer Schnurbaum","Laubgehölze"
"Symphoricarpos x chenaultii 'Hancock'","Niedrige Purpurbeere, Niedrige Bastard-Korallenbeere","Laubgehölze"
"Symphytum grandiflorum","Kleiner Kaukasus-Beinwell, Kaukasus-Wallwurz","Stauden"
"Syringa vulgaris 'Charles Joly'","Edel-Flieder","Laubgehölze"
"Tagetes patula 'Sorte'","Studentenblume, Tagetes, Sammetblume","Beet- und Balkonpflanzen, Wechselflor"
"Tamarix parviflora","Rosa Frühlings-Tamariske","Laubgehölze"
"Taraxacum sect. Ruderalia","Wiesen-Kuhblumen, Wiesen-Löwenzähne","Unkräuter, Wildkräuter"
"Taxus baccata","Gewöhnliche Eibe","Heimische, besonders geschützte Pflanzen"
"Taxus baccata","Gewöhnliche Eibe","Nadelgehölze"
"Taxus baccata 'Repandens'","Kissen-Eibe, Tafel-Eibe","Nadelgehölze"
"Taxus x media 'Hicksii'","Fruchtende Becher-Eibe","Nadelgehölze"
"Thalictrum aquilegiifolium","Akeleiblättrige Wiesenraute","Stauden"
"Thuja occidentalis 'Brabant'","Abendländischer Lebensbaum","Nadelgehölze"
"Thymus serpyllum","Sand-Thymian, Feld-Thymian","Stauden"
"Tiarella cordifolia","Herzblättrige Schaumblüte, Wald-Schaumblüte","Stauden"
"Tilia cordata","Winter-Linde","Laubgehölze"
"Tilia platyphyllos","Sommer-Linde","Laubgehölze"
"Tilia x europaea 'Pallida'","Kaiser-Linde","Laubgehölze"
"Trachycarpus fortunei","Chinesische Hanfpalme","Pflanzen für die Innenraum-Begrünung"
"Trifolium repens","Weiß-Klee, Kriechender Klee","Unkräuter, Wildkräuter"
"Trollius 'Goldquelle'","Garten-Trollblume","Stauden"
"Trollius europaeus","Europäische Trollblume","Heimische, besonders geschützte Pflanzen"
"Tsuga canadensis","Kanadische Hemlocktanne","Nadelgehölze"
"Tulipa 'Sorte'","Garten-Tulpe","Zwiebel- und knollenbildende Pflanzen"
"Tulipa 'Sorte' (12 = Kaufmanniana-Tulpen)","Botanische Tulpe, Seerosen-Tulpe","Zwiebel- und knollenbildende Pflanzen"
"Tulipa 'Sorte' (13 = Fosteriana-Tulpen)","Pfauen-Tulpe, Botanische Tulpe","Zwiebel- und knollenbildende Pflanzen"
"Tulipa sylvestris","Wilde Tulpe, Weinberg-Tulpe","Heimische, besonders geschützte Pflanzen"
"Tussilago farfara","Huflattich","Unkräuter, Wildkräuter"
"Typha angustifolia","Schmalblättriger Rohrkolben","Sumpf- und Wasserpflanzen"
"Ulmus 'Lobel'","Schmalkronige Stadt-Ulme","Laubgehölze"
"Ulmus 'New Horizon'Ⓢ (RESISTA®)","Resista®-Ulme 'New Horizon'","Laubgehölze"
"Ulmus glabra","Berg-Ulme, Weißrüster","Laubgehölze"
"Urtica dioica","Große Brennnessel","Unkräuter, Wildkräuter"
"Verbascum nigrum","Schwarze Königskerze","Stauden"
"Veronica austriaca 'Knallblau'","Großer Garten-Ehrenpreis","Stauden"
"Veronica longifolia","Langblättriger Ehrenpreis, Langblättriger Blauweiderich","Stauden"
"Veronicastrum virginicum 'Diana'","Kandelaberehrenpreis, Virginischer Arzneiehrenpreis","Stauden"
"Viburnum lantana","Wolliger Schneeball","Laubgehölze"
"Viburnum opulus","Gewöhnlicher Schneeball, Wasser-Schneeball","Laubgehölze"
"Viburnum x bodnantense 'Dawn'","Winter-Schneeball, Bodnant-Schneeball","Laubgehölze"
"Vinca minor","Kleines Immergrün, Kleines Singrün","Laubgehölze"
"Viola odorata","März-Veilchen, Duft-Veilchen, Wohlriechendes Veilchen","Stauden"
"Viola x wittrockiana 'Sorte'","Garten-Stiefmütterchen","Beet- und Balkonpflanzen, Wechselflor"
"Vitis 'Sorte'","Weinrebe, Tafeltraube, Weintraube","Obstgehölze"
"Waldsteinia ternata","Dreiblättrige Waldsteinie, Teppich-Golderdbeere","Stauden"
"Weigela 'Bristol Ruby'","Weigelie, Glockenstrauch","Laubgehölze"
"Wisteria sinensis","Chinesischer Blauregen, Glyzine","Laubgehölze"
"x Cupressocyparis leylandii","Leylandzypresse, Grüne Baumzypresse","Nadelgehölze"
"Yucca filamentosa","Palmlilie, Fädige Palmlilie","Stauden"
"Zinnia elegans 'Sorte'","Garten-Zinnie, Pracht-Zinnie","Beet- und Balkonpflanzen, Wechselflor"
